2026-10-03 17:45:36,26.75,ROUGE
2026-10-03 17:45:42,36.85,VERT
2026-10-03 17:45:42,32.76,ORANGE
2026-10-03 17:45:42,25.82,ROUGE
2026-10-03 17:45:42,26.43,ROUGE
2026-10-03 17:45:42,25.65,ROUGE
2026-10-03 17:45:42,31.85,ROUGE
2026-10-03 17:45:42,39.20,BLEU
2026-10-03 17:50:58,41.93,BLEU
2026-10-03 18:00:20,31.79,ROUGE
2026-10-03 18:02:19,37.83,VERT
2026-10-03 18:04:36,41.16,BLEU
2026-10-03 18:43:28,39.56,BLEU
2026-10-03 18:50:32,40.87,BLEU
2026-10-03 18:52:03,32.19,ORANGE
2026-10-03 18:57:32,28.61,ROUGE
2026-10-03 19:15:41,28.45,ROUGE
